cm-1,mV,cm-1,mV,cm-1,mV,cm-1,mV,cm-1,mV
1800,0.007184347,1800,0.009250641,1800,0.00799497,1800,0.009441376,1800,0.006437302
1798,0.005293442,1798,0.010457197,1798,0.009273837,1798,0.011702389,1798,0.00572106
1796,0.005514582,1796,0.012700275,1796,0.011445317,1796,0.013746602,1796,0.005628677
1794,0.005536714,1794,0.013712597,1794,0.013042445,1794,0.014012423,1794,0.005006853
1792,0.00604658,1792,0.016659392,1792,0.016685089,1792,0.019295324,1792,0.005946086
1790,0.00513378,1790,0.022197602,1790,0.021222714,1790,0.025073096,1790,0.006024136
1788,0.006056326,1788,0.025794977,1788,0.02694181,1788,0.029886808,1788,0.005485022
1786,0.006382921,1786,0.030146727,1786,0.029043835,1786,0.033526205,1786,0.00614583
1784,0.006499137,1784,0.036682673,1784,0.034373142,1784,0.040742446,1784,0.007968851
1782,0.006828167,1782,0.03962912,1782,0.039479956,1782,0.04663958,1782,0.007627604
1780,0.007359711,1780,0.046023108,1780,0.045781113,1780,0.053517889,1780,0.009142572
1778,0.008389796,1778,0.052103747,1778,0.05103929,1778,0.058845609,1778,0.009628858
1776,0.007750941,1776,0.056385465,1776,0.055853933,1776,0.064617433,1776,0.009856317
1774,0.007383566,1774,0.053364553,1774,0.052544765,1774,0.063069418,1774,0.008974519
1772,0.0085485,1772,0.057162493,1772,0.056726757,1772,0.0671013,1772,0.009556669
1770,0.00758183,1770,0.059237558,1770,0.058092199,1770,0.070191368,1770,0.009113899
1768,0.008257359,1768,0.060872294,1768,0.059545558,1768,0.070134424,1768,0.009279404
1766,0.00737383,1766,0.061603636,1766,0.060590956,1766,0.072566174,1766,0.009899204
1764,0.008278331,1764,0.063477285,1764,0.063737728,1764,0.075631581,1764,0.009047758
1762,0.008468476,1762,0.06601283,1762,0.066609733,1762,0.078915022,1762,0.009479826
1760,0.008475361,1760,0.066438556,1760,0.068078972,1760,0.082336813,1760,0.009884996
1758,0.008577089,1758,0.067752771,1758,0.071024641,1758,0.084329508,1758,0.009803764
1756,0.00823562,1756,0.070216268,1756,0.073592089,1756,0.087305114,1756,0.010089223
1754,0.008269611,1754,0.074165545,1754,0.075616881,1754,0.089880213,1754,0.010016252
1752,0.009030636,1752,0.075899333,1752,0.080333315,1752,0.095410883,1752,0.010931529
1750,0.008630515,1750,0.080477878,1750,0.083544455,1750,0.100179136,1750,0.010916959
1748,0.008801446,1748,0.08385244,1748,0.087623022,1748,0.103832327,1748,0.010354068
1746,0.009137352,1746,0.088472016,1746,0.092104308,1746,0.109710544,1746,0.011336429
1744,0.009595123,1744,0.093364537,1744,0.097363636,1744,0.116692625,1744,0.011173336
1742,0.009894108,1742,0.10113208,1742,0.105445482,1742,0.127202302,1742,0.012074012
1740,0.010800439,1740,0.111282952,1740,0.116471507,1740,0.139350653,1740,0.013406382
1738,0.010926722,1738,0.116259716,1738,0.118796743,1738,0.144353658,1738,0.013118785
1736,0.011637555,1736,0.12640807,1736,0.129093558,1736,0.157804638,1736,0.014563667
1734,0.011256429,1734,0.126064792,1734,0.130210042,1734,0.161324859,1734,0.014046314
1732,0.011703109,1732,0.129379183,1732,0.134706229,1732,0.164894551,1732,0.014521613
1730,0.011776123,1730,0.131809548,1730,0.136145279,1730,0.168744147,1730,0.014253707
1728,0.011955275,1728,0.133160144,1728,0.138029516,1728,0.17121394,1728,0.014395652
1726,0.011626251,1726,0.131835625,1726,0.140311137,1726,0.172272444,1726,0.014355469
1724,0.011486009,1724,0.131211564,1724,0.138859168,1724,0.170805201,1724,0.01439603
1722,0.010909654,1722,0.130197808,1722,0.138765484,1722,0.167601541,1722,0.013672693
1720,0.012236233,1720,0.140883252,1720,0.149598017,1720,0.179571629,1720,0.014933358
1718,0.01253732,1718,0.14751792,1718,0.155571133,1718,0.189034432,1718,0.015645918
1716,0.012618514,1716,0.149917126,1716,0.156846315,1716,0.189216375,1716,0.015569471
1714,0.012173399,1714,0.145308688,1714,0.150366813,1714,0.178168431,1714,0.015130258
1712,0.012373039,1712,0.13864316,1712,0.145726398,1712,0.169913679,1712,0.015116335
1710,0.012040819,1710,0.132374763,1710,0.143828243,1710,0.166796312,1710,0.015513144
1708,0.011874631,1708,0.12921907,1708,0.140652269,1708,0.162612662,1708,0.01496471
1706,0.011665773,1706,0.127338529,1706,0.138421029,1706,0.161915407,1706,0.014931249
1704,0.0114046,1704,0.122538693,1704,0.13315165,1704,0.155595601,1704,0.014660963
1702,0.012028761,1702,0.125966698,1702,0.137749061,1702,0.161465079,1702,0.015737426
1700,0.011798508,1700,0.122822642,1700,0.133384675,1700,0.153990895,1700,0.013929651
1698,0.011332839,1698,0.119511202,1698,0.130884841,1698,0.150268361,1698,0.014316121
1696,0.011250985,1696,0.118001938,1696,0.130832478,1696,0.150431618,1696,0.014620033
1694,0.011338933,1694,0.111712158,1694,0.123428732,1694,0.141445979,1694,0.014413411
1692,0.011334336,1692,0.104982398,1692,0.118029296,1692,0.135230228,1692,0.014819368
1690,0.010757757,1690,0.098857261,1690,0.111895591,1690,0.127662301,1690,0.014318562
1688,0.010464429,1688,0.09487772,1688,0.107166871,1688,0.119639382,1688,0.013514893
1686,0.010911372,1686,0.096673489,1686,0.109013103,1686,0.122193716,1686,0.013756122
1684,0.010059528,1684,0.092325725,1684,0.106031962,1684,0.116224825,1684,0.013426418
1682,0.010490517,1682,0.090727553,1682,0.103498317,1682,0.112683736,1682,0.012959164
1680,0.010919106,1680,0.092683949,1680,0.106163509,1680,0.114592262,1680,0.014035883
1678,0.011310486,1678,0.092264324,1678,0.106005535,1678,0.113908157,1678,0.013790912
1676,0.012086547,1676,0.096842885,1676,0.11261908,1676,0.121005945,1676,0.015177354
1674,0.011423053,1674,0.09416683,1674,0.109007016,1674,0.115044422,1674,0.014287968
1672,0.011652648,1672,0.09361355,1672,0.112442724,1672,0.116636157,1672,0.014807417
1670,0.012146931,1670,0.094806559,1670,0.113427572,1670,0.117973112,1670,0.015242501
1668,0.011629202,1668,0.091052026,1668,0.107688189,1668,0.111331195,1668,0.014576736
1666,0.011550918,1666,0.088509008,1666,0.104598671,1666,0.108512066,1666,0.014283399
1664,0.011647566,1664,0.088212438,1664,0.105901212,1664,0.107727617,1664,0.014788105
1662,0.011400018,1662,0.086445384,1662,0.105236113,1662,0.106541306,1662,0.014637577
1660,0.011621195,1660,0.085069105,1660,0.103388503,1660,0.102567188,1660,0.014264116
1658,0.011740705,1658,0.084074385,1658,0.102672108,1658,0.099785507,1658,0.014697869
1656,0.012178794,1656,0.085659631,1656,0.103650533,1656,0.101140805,1656,0.014941637
1654,0.012364427,1654,0.09418425,1654,0.115787186,1654,0.113270134,1654,0.016259514
1652,0.011549585,1652,0.086685456,1652,0.106058039,1652,0.101919755,1652,0.013947917
1650,0.011580921,1650,0.083319694,1650,0.104092121,1650,0.098406352,1650,0.014324276
1648,0.012184826,1648,0.085210241,1648,0.106317289,1648,0.101740979,1648,0.015129876
1646,0.011482985,1646,0.085841663,1646,0.104296371,1646,0.100378871,1646,0.014182272
1644,0.011849402,1644,0.084024519,1644,0.1026555,1644,0.098343231,1644,0.01432276
1642,0.012264495,1642,0.086701214,1642,0.107665017,1642,0.102539882,1642,0.015350026
1640,0.01262938,1640,0.088018455,1640,0.108828306,1640,0.105342321,1640,0.015531694
1638,0.013421181,1638,0.091144562,1638,0.111641526,1638,0.108616292,1638,0.015910249
1636,0.013306416,1636,0.096661106,1636,0.119194627,1636,0.116412416,1636,0.017294744
1634,0.012755728,1634,0.091678426,1634,0.112303294,1634,0.106707655,1634,0.015739297
1632,0.012837153,1632,0.091321528,1632,0.112842724,1632,0.107974917,1632,0.01586559
1630,0.013027648,1630,0.091445595,1630,0.111786671,1630,0.106923729,1630,0.015950792
1628,0.012654641,1628,0.089557417,1628,0.109336428,1628,0.106593065,1628,0.015357275
1626,0.012165321,1626,0.084513582,1626,0.104560032,1626,0.100867473,1626,0.014741447
1624,0.012412896,1624,0.086375266,1624,0.106944337,1624,0.103279807,1624,0.014859285
1622,0.012334493,1622,0.086398087,1622,0.106393181,1622,0.103391975,1622,0.0147238
1620,0.012533937,1620,0.08712142,1620,0.107689425,1620,0.105026335,1620,0.014749601
1618,0.013628178,1618,0.093338698,1618,0.115866415,1618,0.112549961,1618,0.015941789
1616,0.012934684,1616,0.092867784,1616,0.113915257,1616,0.111524828,1616,0.015819013
1614,0.013344041,1614,0.092721254,1614,0.112689637,1614,0.110354744,1614,0.015990669
1612,0.01292165,1612,0.090257376,1612,0.11109215,1612,0.10795252,1612,0.015758874
1610,0.013729401,1610,0.091505893,1610,0.111224048,1610,0.10892158,1610,0.016110459
1608,0.012791525,1608,0.090363614,1608,0.1083505,1608,0.106093019,1608,0.01570484
1606,0.012535227,1606,0.084485523,1606,0.105465405,1606,0.102970332,1606,0.015369345
1604,0.012979484,1604,0.083865501,1604,0.104921296,1604,0.103814401,1604,0.015823221
1602,0.013592442,1602,0.084451303,1602,0.105472319,1602,0.105313554,1602,0.016122194
1600,0.014012297,1600,0.084260769,1600,0.107652925,1600,0.107574955,1600,0.016715225
1598,0.013951588,1598,0.084465198,1598,0.105877109,1598,0.106392756,1598,0.016570674
1596,0.013585158,1596,0.083676226,1596,0.104724072,1596,0.102666877,1596,0.016571499
1594,0.013433076,1594,0.083670519,1594,0.103841186,1594,0.102018684,1594,0.016401483
1592,0.01381409,1592,0.0840372,1592,0.102867246,1592,0.100279562,1592,0.016366357
1590,0.013127311,1590,0.081851795,1590,0.099118687,1590,0.097637862,1590,0.015819537
1588,0.013059099,1588,0.082215153,1588,0.099150285,1588,0.097803943,1588,0.016093155
1586,0.013342076,1586,0.083242089,1586,0.099399216,1586,0.098613419,1586,0.015927874
1584,0.013322513,1584,0.080130503,1584,0.096202932,1584,0.096251361,1584,0.015852181
1582,0.013509763,1582,0.080566682,1582,0.097133443,1582,0.098121867,1582,0.016217589
1580,0.01391535,1580,0.082173765,1580,0.097301722,1580,0.098373301,1580,0.016350001
1578,0.013635792,1578,0.080427118,1578,0.096588984,1578,0.097503498,1578,0.016301347
1576,0.014098958,1576,0.082945868,1576,0.099362589,1576,0.099845439,1576,0.01666514
1574,0.013513445,1574,0.081396587,1574,0.096400969,1574,0.097866952,1574,0.016495425
1572,0.013932176,1572,0.081892721,1572,0.097331569,1572,0.098800004,1572,0.01647066
1570,0.014387982,1570,0.082167193,1570,0.097826451,1570,0.099572495,1570,0.016879383
1568,0.013340134,1568,0.076164849,1568,0.090876423,1568,0.091794178,1568,0.015497966
1566,0.013260988,1566,0.076699294,1566,0.090925783,1566,0.091642991,1566,0.015783584
1564,0.012848387,1564,0.07590311,1564,0.089276284,1564,0.090767913,1564,0.015616388
1562,0.013190677,1562,0.077254131,1562,0.090433992,1562,0.092669509,1562,0.015717404
1560,0.014351384,1560,0.082569525,1560,0.09658815,1560,0.098829731,1560,0.017266959
1558,0.014109437,1558,0.08161886,1558,0.094453461,1558,0.096223347,1558,0.016518584
1556,0.013090404,1556,0.077602439,1556,0.089352854,1556,0.091212802,1556,0.016003788
1554,0.014321362,1554,0.080888815,1554,0.091088191,1554,0.093615286,1554,0.017119324
1552,0.013779184,1552,0.076261595,1552,0.086870611,1552,0.090598755,1552,0.016223168
1550,0.014061118,1550,0.077093065,1550,0.08785025,1550,0.092352629,1550,0.016722459
1548,0.014044029,1548,0.073061898,1548,0.083067089,1548,0.087933734,1548,0.016641149
1546,0.013939542,1546,0.074983165,1546,0.084687345,1546,0.089943729,1546,0.016840521
1544,0.013916097,1544,0.07443399,1544,0.082141347,1544,0.087342173,1544,0.016574435
1542,0.014435749,1542,0.074865304,1542,0.083938375,1542,0.089796685,1542,0.016797222
1540,0.014763132,1540,0.076004304,1540,0.083061591,1540,0.090513565,1540,0.017043998
1538,0.013533155,1538,0.070134982,1538,0.075896919,1538,0.083245732,1538,0.015514198
1536,0.014081129,1536,0.070718557,1536,0.075272702,1536,0.083725408,1536,0.01633703
1534,0.014323412,1534,0.071625642,1534,0.075910769,1534,0.085214116,1534,0.016174614
1532,0.013778262,1532,0.06822329,1532,0.071012884,1532,0.080439217,1532,0.016063133
1530,0.013538013,1530,0.066596664,1530,0.069969468,1530,0.079608701,1530,0.016107595
1528,0.014223465,1528,0.066920981,1528,0.071012199,1528,0.080614403,1528,0.016833767
1526,0.013880444,1526,0.06742397,1526,0.070487775,1526,0.079550453,1526,0.016506085
1524,0.013888342,1524,0.066868484,1524,0.068729632,1524,0.078390688,1524,0.016179977
1522,0.014422205,1522,0.069354966,1522,0.072778895,1522,0.082974195,1522,0.017145898
1520,0.013459167,1520,0.065546498,1520,0.067595147,1520,0.077130809,1520,0.015649851
1518,0.013750889,1518,0.06590794,1518,0.069503382,1518,0.078650922,1518,0.016570758
1516,0.013725656,1516,0.06542179,1516,0.068468653,1516,0.077969179,1516,0.016413238
1514,0.013966205,1514,0.064887553,1514,0.067699835,1514,0.078109294,1514,0.016273452
1512,0.014282305,1512,0.063838601,1512,0.067177683,1512,0.076844178,1512,0.016201664
1510,0.014119598,1510,0.062847383,1510,0.06637039,1510,0.074792825,1510,0.016010491
1508,0.014543164,1508,0.065653466,1508,0.070389748,1508,0.079474069,1508,0.016720949
1506,0.014540412,1506,0.065383382,1506,0.069299348,1506,0.079295427,1506,0.016243245
1504,0.013358166,1504,0.063528419,1504,0.068337552,1504,0.077348307,1504,0.015652193
1502,0.012942334,1502,0.064029992,1502,0.069681197,1502,0.078303456,1502,0.016488113
1500,0.012426052,1500,0.062539592,1500,0.069086462,1500,0.077397346,1500,0.016284723
1498,0.012571716,1498,0.06298288,1498,0.067807861,1498,0.077816732,1498,0.016274381
1496,0.012933234,1496,0.067177415,1496,0.071228065,1496,0.080826931,1496,0.016441872
1494,0.012619838,1494,0.067041755,1494,0.071386926,1494,0.081659861,1494,0.016376635
1492,0.012869504,1492,0.065347873,1492,0.070483454,1492,0.080183685,1492,0.016543932
1490,0.012317975,1490,0.065874629,1490,0.072170779,1490,0.082144387,1490,0.01616806
1488,0.012738282,1488,0.06730777,1488,0.074144319,1488,0.085111871,1488,0.016135525
1486,0.012564454,1486,0.067035012,1486,0.074178234,1486,0.085297376,1486,0.015987517
1484,0.012790196,1484,0.06799192,1484,0.076597251,1484,0.088421427,1484,0.016582953
1482,0.013887167,1482,0.073242292,1482,0.081741616,1482,0.094652079,1482,0.017732108
1480,0.013627935,1480,0.071761928,1480,0.084895775,1480,0.096558802,1480,0.017394815
1478,0.013342547,1478,0.071837209,1478,0.08402396,1478,0.096477874,1478,0.017074509
1476,0.013465781,1476,0.075459227,1476,0.089704245,1476,0.101111665,1476,0.017128164
1474,0.013468528,1474,0.07897418,1474,0.094866559,1474,0.107340574,1474,0.017024599
1472,0.01339941,1472,0.084489226,1472,0.099827848,1472,0.113847576,1472,0.017129552
1470,0.014049399,1470,0.089767985,1470,0.109979071,1470,0.121682912,1470,0.018075101
1468,0.014527038,1468,0.09794917,1468,0.120226733,1468,0.130925372,1468,0.019127645
1466,0.014949971,1466,0.103405729,1466,0.125868559,1466,0.139428735,1466,0.019562589
1464,0.015793925,1464,0.109180734,1464,0.133264109,1464,0.148129687,1464,0.019787028
1462,0.014944531,1462,0.109387822,1462,0.132083431,1462,0.145433113,1462,0.019522361
1460,0.014797579,1460,0.109693833,1460,0.13460806,1460,0.147060782,1460,0.019637773
1458,0.015430525,1458,0.112329394,1458,0.137941167,1458,0.151757121,1458,0.020037025
1456,0.015157707,1456,0.115315355,1456,0.139028475,1456,0.153368205,1456,0.020021085
1454,0.014340734,1454,0.106165253,1454,0.131170571,1454,0.142272279,1454,0.018596025
1452,0.014065976,1452,0.1042291,1452,0.128138483,1452,0.13829799,1452,0.018683178
1450,0.014668294,1450,0.1057164,1450,0.129811883,1450,0.138741076,1450,0.019074297
1448,0.015433916,1448,0.112034388,1448,0.13696903,1448,0.146415383,1448,0.019917788
1446,0.015540239,1446,0.111947529,1446,0.13601324,1446,0.145676896,1446,0.019715648
1444,0.015538179,1444,0.110515356,1444,0.135029957,1444,0.14576377,1444,0.020034526
1442,0.015268027,1442,0.10783045,1442,0.132246926,1442,0.140190512,1442,0.01993414
1440,0.014682548,1440,0.106064871,1440,0.130597353,1440,0.139031559,1440,0.019351857
1438,0.015080463,1438,0.105057284,1438,0.129710451,1438,0.138443008,1438,0.019688543
1436,0.014786805,1436,0.10616532,1436,0.129646361,1436,0.139864489,1436,0.019494006
1434,0.01421896,1434,0.100022167,1434,0.122083351,1434,0.130889788,1434,0.018644093
1432,0.012705318,1432,0.085263759,1432,0.079052374,1432,0.10664665,1432,0.016352618
1430,0.010603121,1430,0.08282546,1430,0.084624559,1430,0.09730348,1430,0.013771992
1428,0.010523998,1428,0.083214559,1428,0.085831054,1428,0.096504562,1428,0.013979884
1426,0.010820498,1426,0.085498922,1426,0.088676721,1426,0.099391446,1426,0.014442932
1424,0.010453429,1424,0.08638902,1424,0.088319384,1424,0.098741531,1424,0.013775748
1422,0.01075386,1422,0.088576108,1422,0.092579767,1422,0.102342993,1422,0.014750647
1420,0.010796128,1420,0.087842703,1420,0.092136346,1420,0.101920806,1420,0.014773744
1418,0.011077262,1418,0.090704113,1418,0.094143182,1418,0.104554981,1418,0.014487772
1416,0.0104925,1416,0.089800715,1416,0.093937621,1416,0.102560587,1416,0.014520146
1414,0.011141089,1414,0.089882344,1414,0.094918445,1414,0.103588313,1414,0.014648724
1412,0.010818606,1412,0.089588962,1412,0.095076472,1412,0.104190819,1412,0.014596227
1410,0.011440574,1410,0.092689194,1410,0.098947637,1410,0.108898938,1410,0.015267637
1408,0.011410788,1408,0.09050402,1408,0.097954832,1408,0.10621088,1408,0.014848315
1406,0.011802761,1406,0.091535144,1406,0.098374829,1406,0.106844224,1406,0.014880418
1404,0.012175323,1404,0.099860609,1404,0.106661245,1404,0.116503455,1404,0.016160276
1402,0.011715031,1402,0.096783631,1402,0.103053771,1402,0.113227524,1402,0.015902145
1400,0.012042057,1400,0.096000344,1400,0.101328716,1400,0.112282082,1400,0.015702637
1398,0.011399048,1398,0.093090162,1398,0.098423854,1398,0.109474495,1398,0.015089924
1396,0.011517291,1396,0.091397651,1396,0.096375465,1396,0.108637258,1396,0.01482306
1394,0.011820181,1394,0.093614094,1394,0.100127809,1394,0.112784363,1394,0.01564914
1392,0.011522851,1392,0.089585736,1392,0.095675126,1392,0.107534327,1392,0.014653778
1390,0.011828904,1390,0.092469737,1390,0.100292906,1390,0.112514488,1390,0.015352368
1388,0.012011126,1388,0.094961144,1388,0.104844034,1388,0.115982257,1388,0.015907951
1386,0.012674908,1386,0.098326832,1386,0.108621165,1386,0.121889718,1386,0.016446069
1384,0.012879983,1384,0.101715237,1384,0.111600518,1384,0.124859542,1384,0.016529987
1382,0.01320742,1382,0.103350013,1382,0.112897962,1382,0.126101315,1382,0.016811436
1380,0.013026418,1380,0.103997715,1380,0.11275585,1380,0.125798255,1380,0.016587278
1378,0.012835639,1378,0.103193223,1378,0.113127202,1378,0.124105282,1378,0.016559729
1376,0.012971671,1376,0.105560027,1376,0.114363626,1376,0.127577141,1376,0.017039383
1374,0.013438202,1374,0.106681593,1374,0.117247708,1374,0.130965084,1374,0.017258767
1372,0.013721649,1372,0.109396189,1372,0.120897159,1372,0.133035094,1372,0.0179967
1370,0.013815881,1370,0.107335426,1370,0.119357504,1370,0.132197335,1370,0.017725356
1368,0.013349012,1368,0.105879582,1368,0.115521431,1368,0.129841417,1368,0.01732887
1366,0.013553894,1366,0.103404559,1366,0.115015112,1366,0.128198847,1366,0.017090049
1364,0.013742263,1364,0.105606236,1364,0.117098622,1364,0.128422678,1364,0.017994577
1362,0.014132483,1362,0.103477515,1362,0.117473185,1362,0.128655404,1362,0.018078042
1360,0.013014487,1360,0.098181456,1360,0.111354999,1360,0.121302716,1360,0.017127227
1358,0.013079124,1358,0.096382618,1358,0.108073354,1358,0.119820967,1358,0.016886769
1356,0.013147793,1356,0.098121166,1356,0.109076217,1356,0.119637623,1356,0.017136341
1354,0.013806579,1354,0.10085012,1354,0.113166742,1354,0.124622315,1354,0.017706532
1352,0.013849817,1352,0.102991544,1352,0.114854246,1352,0.128080517,1352,0.018045677
1350,0.014469371,1350,0.103825711,1350,0.116762601,1350,0.127290383,1350,0.018178763
1348,0.014473888,1348,0.102714464,1348,0.116640925,1348,0.127036572,1348,0.018200479
1346,0.014428308,1346,0.10102658,1346,0.114311323,1346,0.125394806,1346,0.01812632
1344,0.013915556,1344,0.095273815,1344,0.107560575,1344,0.119235262,1344,0.017095711
1342,0.014313204,1342,0.09932141,1342,0.111550584,1342,0.123793349,1342,0.017855505
1340,0.014679687,1340,0.100728251,1340,0.114972472,1340,0.126457229,1340,0.018292848
1338,0.014605951,1338,0.100778505,1338,0.114381365,1338,0.125507161,1338,0.017869251
1336,0.014882348,1336,0.102208264,1336,0.116324119,1336,0.126122415,1336,0.018365202
1334,0.015599783,1334,0.106327243,1334,0.120670274,1334,0.129223481,1334,0.019060686
1332,0.015643921,1332,0.105279915,1332,0.120667249,1332,0.130649611,1332,0.019046819
1330,0.015232419,1330,0.106003053,1330,0.120739579,1330,0.130840361,1330,0.018996004
1328,0.015191815,1328,0.105757006,1328,0.117546469,1328,0.127908379,1328,0.018653262
1326,0.015041793,1326,0.108734861,1326,0.121557243,1326,0.130233213,1326,0.018997943
1324,0.015486203,1324,0.109907925,1324,0.125549763,1324,0.133367881,1324,0.019700978
1322,0.016066294,1322,0.110542312,1322,0.128731027,1322,0.136106804,1322,0.019707704
1320,0.016936537,1320,0.112979941,1320,0.132976517,1320,0.141170248,1320,0.020823535
1318,0.016845953,1318,0.11533384,1318,0.135856017,1318,0.143065453,1318,0.02117897
1316,0.015674582,1316,0.111311205,1316,0.129830539,1316,0.136910453,1316,0.02009505
1314,0.015856424,1314,0.111848511,1314,0.130499512,1314,0.13911882,1314,0.020053854
1312,0.016295766,1312,0.112941444,1312,0.130502522,1312,0.139848381,1312,0.020229066
1310,0.016470097,1310,0.111372843,1310,0.131681889,1310,0.142071217,1310,0.020062789
1308,0.016476054,1308,0.114469998,1308,0.135319188,1308,0.144733623,1308,0.020456504
1306,0.017040798,1306,0.117298216,1306,0.138318643,1306,0.150064915,1306,0.020729544
1304,0.017198838,1304,0.121158049,1304,0.141656905,1304,0.152868748,1304,0.021395752
1302,0.017248981,1302,0.122630432,1302,0.143552274,1302,0.15489006,1302,0.021931766
1300,0.016847925,1300,0.119885437,1300,0.141496018,1300,0.152134731,1300,0.021379666
1298,0.017714707,1298,0.124562055,1298,0.147143036,1298,0.157774776,1298,0.022266576
1296,0.018096263,1296,0.128343195,1296,0.152628064,1296,0.164686427,1296,0.022736171
1294,0.017720537,1294,0.127403408,1294,0.151204512,1294,0.162150308,1294,0.022537228
1292,0.017289512,1292,0.125560731,1292,0.149681762,1292,0.159582689,1292,0.022039365
1290,0.017697772,1290,0.128800243,1290,0.151918367,1290,0.161940873,1290,0.021876534
1288,0.017735425,1288,0.127785102,1288,0.153159276,1288,0.164224759,1288,0.02210908
1286,0.017578585,1286,0.129855439,1286,0.154947951,1286,0.164499581,1286,0.021697488
1284,0.017526569,1284,0.12873812,1284,0.155700341,1284,0.164057687,1284,0.02145184
1282,0.017341748,1282,0.129050314,1282,0.153557464,1282,0.162722141,1282,0.0216967
1280,0.017978914,1280,0.134330228,1280,0.160844192,1280,0.168405607,1280,0.021889523
1278,0.018539889,1278,0.138234913,1278,0.167715713,1278,0.176370636,1278,0.022585146
1276,0.018554531,1276,0.142796636,1276,0.172436848,1276,0.179684326,1276,0.02301172
1274,0.018401152,1274,0.139614061,1274,0.174681544,1274,0.177554116,1274,0.02322904
1272,0.019402022,1272,0.146998733,1272,0.183476552,1272,0.186623827,1272,0.023566106
1270,0.020399593,1270,0.151480123,1270,0.192114338,1270,0.191107273,1270,0.024115812
1268,0.021050779,1268,0.158287883,1268,0.199879333,1268,0.19720076,1268,0.025229972
1266,0.022345915,1266,0.167631552,1266,0.207951114,1266,0.204484865,1266,0.02665988
1264,0.023525221,1264,0.176484838,1264,0.217279866,1264,0.215563625,1264,0.028396962
1262,0.024447294,1262,0.183766022,1262,0.227783889,1262,0.221935079,1262,0.029542632
1260,0.023938898,1260,0.182154849,1260,0.231180489,1260,0.224401787,1260,0.029306125
1258,0.021803623,1258,0.175309598,1258,0.225361913,1258,0.211537614,1258,0.027298409
1256,0.020990459,1256,0.168701887,1256,0.215788245,1256,0.203064367,1256,0.02565472
1254,0.019385664,1254,0.158776969,1254,0.199841112,1254,0.189556673,1254,0.023916235
1252,0.017688051,1252,0.147402495,1252,0.18804051,1252,0.176534176,1252,0.022509307
1250,0.016914278,1250,0.138983414,1250,0.181173101,1250,0.171316981,1250,0.022041826
1248,0.01658137,1248,0.136212647,1248,0.176577687,1248,0.164830014,1248,0.020945255
1246,0.01592922,1246,0.127648383,1246,0.169385239,1246,0.16038835,1246,0.020274116
1244,0.015283662,1244,0.124236748,1244,0.165482804,1244,0.154789835,1244,0.019290244
1242,0.015199145,1242,0.123044714,1242,0.164967403,1242,0.153928101,1242,0.019774107
1240,0.01442751,1240,0.122350857,1240,0.167554408,1240,0.151716232,1240,0.019211374
1238,0.014456305,1238,0.120962545,1238,0.166964591,1238,0.149270222,1238,0.019371076
1236,0.01449128,1236,0.120979264,1236,0.168845102,1236,0.149909854,1236,0.019282732
1234,0.014636393,1234,0.119302109,1234,0.171116814,1234,0.149796814,1234,0.019661497
1232,0.014832939,1232,0.12087062,1232,0.17577526,1232,0.150984317,1232,0.019860839
1230,0.0147218,1230,0.119886212,1230,0.177818909,1230,0.149667546,1230,0.01942249
1228,0.01446286,1228,0.122437753,1228,0.180513516,1228,0.150888771,1228,0.019757448
1226,0.014848866,1226,0.125180274,1226,0.187216699,1226,0.15493013,1226,0.019980296
1224,0.014727473,1224,0.12479201,1224,0.185870856,1224,0.15309757,1224,0.020131299
1222,0.015364462,1222,0.127134979,1222,0.189816937,1222,0.15411599,1222,0.020909838
1220,0.01588871,1220,0.129239783,1220,0.197592244,1220,0.157537565,1220,0.021263985
1218,0.015801905,1218,0.131124794,1218,0.202207044,1218,0.158935457,1218,0.02140283
1216,0.01617793,1216,0.130810812,1216,0.202230766,1216,0.159872293,1216,0.02119668
1214,0.016287675,1214,0.13394995,1214,0.209987864,1214,0.161451429,1214,0.021695005
1212,0.01720209,1212,0.138392523,1212,0.222053528,1212,0.167111576,1212,0.022632034
1210,0.031720523,1210,0.20705089,1210,0.18040587,1210,0.208847642,1210,0.040807281
1208,0.028516041,1208,0.24325408,1208,0.250338584,1208,0.270468503,1208,0.042675171
1206,0.027933219,1206,0.238857061,1206,0.28048715,1206,0.268518955,1206,0.041813772
1204,0.027299976,1204,0.236713812,1204,0.291041583,1204,0.272536099,1204,0.041908044
1202,0.027726743,1202,0.240253627,1202,0.293243051,1202,0.275662988,1202,0.042420864
1200,0.027783094,1200,0.24194029,1200,0.302100927,1200,0.277337193,1200,0.043172773
1198,0.028911259,1198,0.250310689,1198,0.31305027,1198,0.287514269,1198,0.044828169
1196,0.029590618,1196,0.252413869,1196,0.321163684,1196,0.291925192,1196,0.045619261
1194,0.029826226,1194,0.251325756,1194,0.323786885,1194,0.290232122,1194,0.045818578
1192,0.029626628,1192,0.251552522,1192,0.319841921,1192,0.28473106,1192,0.045598101
1190,0.029870138,1190,0.246437892,1190,0.314384252,1190,0.28301689,1190,0.045320813
1188,0.029540235,1188,0.24319303,1188,0.31293112,1188,0.281795025,1188,0.045740984
1186,0.03027102,1186,0.246911585,1186,0.320671767,1186,0.288473874,1186,0.046908397
1184,0.030524844,1184,0.248467654,1184,0.322663128,1184,0.291769117,1184,0.047797631
1182,0.03182821,1182,0.254561871,1182,0.330689549,1182,0.296691447,1182,0.049028758
1180,0.033003226,1180,0.25698337,1180,0.336023629,1180,0.300971299,1180,0.05037272
1178,0.033941202,1178,0.258503169,1178,0.343007654,1178,0.305763513,1178,0.051729821
1176,0.03418383,1176,0.255975693,1176,0.338567108,1176,0.300494462,1176,0.051601186
1174,0.034590364,1174,0.25532189,1174,0.336001307,1174,0.296473235,1174,0.05231462
1172,0.035497047,1172,0.252676696,1172,0.333095908,1172,0.293964505,1172,0.05283751
1170,0.03561566,1170,0.251098096,1170,0.330734819,1170,0.292818308,1170,0.052605331
1168,0.036433417,1168,0.24959296,1168,0.32875967,1168,0.29126361,1168,0.052974466
1166,0.035886936,1166,0.24637568,1166,0.327846825,1166,0.285518318,1166,0.053287171
1164,0.036132544,1164,0.240196794,1164,0.324701488,1164,0.281091869,1164,0.053379219
1162,0.037292704,1162,0.245283172,1162,0.325496942,1162,0.287642121,1162,0.053888556
1160,0.038093466,1160,0.244245127,1160,0.325506985,1160,0.287239671,1160,0.054308388
1158,0.037713833,1158,0.238528326,1158,0.319932818,1158,0.276446044,1158,0.054186098
1156,0.038740054,1156,0.23606725,1156,0.319443822,1156,0.273388296,1156,0.054184653
1154,0.039031319,1154,0.229952708,1154,0.315921754,1154,0.270147055,1154,0.054733679
1152,0.039365508,1152,0.229410246,1152,0.320823222,1152,0.269142836,1152,0.054250058
1150,0.040411521,1150,0.226997957,1150,0.324087709,1150,0.270975918,1150,0.053059381
1148,0.04043835,1148,0.218807861,1148,0.322307885,1148,0.267035484,1148,0.051544808
1146,0.040905334,1146,0.212558866,1146,0.324994951,1146,0.267220587,1146,0.051594734
1144,0.041311126,1144,0.20583874,1144,0.322602332,1144,0.259069175,1144,0.050144959
1142,0.043164823,1142,0.211535931,1142,0.335558355,1142,0.267892301,1142,0.052857459
1140,0.043867845,1140,0.210172564,1140,0.342182428,1140,0.268107384,1140,0.052644264
1138,0.04542901,1138,0.212672085,1138,0.351932168,1138,0.276047051,1138,0.054244939
1136,0.045679923,1136,0.210739851,1136,0.356783181,1136,0.280412436,1136,0.055381067
1134,0.047679413,1134,0.215139523,1134,0.368288934,1134,0.287495703,1134,0.05812129
1132,0.047760081,1132,0.215381265,1132,0.375371218,1132,0.289089233,1132,0.058538329
1130,0.048600774,1130,0.2147239,1130,0.382297456,1130,0.29346472,1130,0.058025863
1128,0.049648777,1128,0.214924917,1128,0.39706704,1128,0.296806037,1128,0.059311282
1126,0.051651351,1126,0.224537164,1126,0.422591358,1126,0.308746427,1126,0.061880022
1124,0.053333629,1124,0.237556145,1124,0.440456212,1124,0.320881188,1124,0.063631445
1122,0.055303104,1122,0.24893795,1122,0.44923234,1122,0.329757959,1122,0.065848619
1120,0.056351621,1120,0.255737573,1120,0.452101439,1120,0.337812066,1120,0.066791207
1118,0.057262715,1118,0.271076798,1118,0.462918848,1118,0.351093084,1118,0.065355532
1116,0.057532057,1116,0.286981821,1116,0.470272183,1116,0.369321108,1116,0.067476228
1114,0.05923979,1114,0.307820916,1114,0.445029229,1114,0.385247618,1114,0.069174133
1112,0.059157845,1112,0.319979936,1112,0.321792513,1112,0.340070575,1112,0.067543142
1110,0.061676115,1110,0.334461421,1110,0.288417667,1110,0.28179273,1110,0.071154848
1108,0.064024493,1108,0.325691134,1108,0.253960162,1108,0.241193101,1108,0.073564492
1106,0.065165773,1106,0.249767601,1106,0.224146143,1106,0.21887368,1106,0.072954506
1104,0.065334328,1104,0.217153177,1104,0.203276068,1104,0.201056346,1104,0.076444522
1102,0.06516932,1102,0.202374488,1102,0.20564872,1102,0.190080643,1102,0.07753446
1100,0.064438567,1100,0.191055715,1100,0.209015325,1100,0.179748014,1100,0.078008726
1098,0.064360157,1098,0.182495773,1098,0.212514028,1098,0.172357231,1098,0.080975488
1096,0.064790413,1096,0.177759945,1096,0.215826139,1096,0.166984096,1096,0.082096152
1094,0.065432668,1094,0.174879819,1094,0.221056506,1094,0.166284695,1094,0.08407037
1092,0.064887576,1092,0.169738159,1092,0.221487731,1092,0.164911464,1092,0.084582031
1090,0.065027207,1090,0.169914976,1090,0.224215969,1090,0.166304842,1090,0.084690861
1088,0.06374155,1088,0.167870536,1088,0.222904712,1088,0.164641485,1088,0.083844386
1086,0.063522689,1086,0.168154329,1086,0.223626599,1086,0.165437981,1086,0.082371064
1084,0.064879149,1084,0.172631443,1084,0.231251389,1084,0.169769272,1084,0.081549577
1082,0.063584894,1082,0.172261551,1082,0.230566546,1082,0.169282675,1082,0.082050361
1080,0.062937886,1080,0.171842888,1080,0.231963754,1080,0.168903157,1080,0.079536252
1078,0.063456804,1078,0.176255092,1078,0.239474282,1078,0.173352882,1078,0.077874035
1076,0.062269617,1076,0.175271615,1076,0.239488155,1076,0.172540024,1076,0.078531452
1074,0.061653163,1074,0.176560357,1074,0.241863623,1074,0.173639879,1074,0.077953421
1072,0.062062267,1072,0.179634094,1072,0.246600732,1072,0.176322088,1072,0.076913111
1070,0.061765779,1070,0.181564942,1070,0.249419779,1070,0.177421764,1070,0.077054255
1068,0.059696205,1068,0.17801176,1068,0.243636772,1068,0.172804475,1068,0.073064223
1066,0.057799272,1066,0.175416321,1066,0.241266325,1066,0.171150878,1066,0.071885921
1064,0.059737261,1064,0.183036298,1064,0.251257896,1064,0.179023221,1064,0.073699452
1062,0.059408143,1062,0.185904011,1062,0.25409615,1062,0.182442501,1062,0.073177867
1060,0.059099056,1060,0.185547769,1060,0.252281189,1060,0.182089716,1060,0.074369565
1058,0.057685737,1058,0.185405612,1058,0.251319349,1058,0.181188047,1058,0.072569005
1056,0.058278427,1056,0.189580828,1056,0.256903917,1056,0.183695316,1056,0.073699124
1054,0.057822391,1054,0.191212684,1054,0.257106006,1054,0.183505759,1054,0.074139297
1052,0.058834516,1052,0.196823642,1052,0.263047069,1052,0.187148824,1052,0.071483128
1050,0.058187217,1050,0.199195683,1050,0.265496612,1050,0.187662065,1050,0.073827885
1048,0.057232805,1048,0.198562071,1048,0.264214456,1048,0.185671166,1048,0.073368646
1046,0.057913546,1046,0.201311082,1046,0.268591523,1046,0.187502861,1046,0.073609836
1044,0.058258094,1044,0.202274323,1044,0.270181268,1044,0.188551068,1044,0.073128536
1042,0.058761626,1042,0.206476405,1042,0.276688069,1042,0.192737356,1042,0.073115423
1040,0.058106214,1040,0.20674096,1040,0.276775509,1040,0.192683399,1040,0.071152598
1038,0.058821522,1038,0.209373623,1038,0.276498377,1038,0.194125712,1038,0.071016401
1036,0.058907744,1036,0.211716831,1036,0.275134325,1036,0.195504233,1036,0.071801737
1034,0.059133045,1034,0.211178616,1034,0.271533251,1034,0.194972292,1034,0.068649553
1032,0.058974423,1032,0.212728024,1032,0.269968361,1032,0.195916608,1032,0.069971971
1030,0.059119355,1030,0.211999968,1030,0.266863972,1030,0.195559338,1030,0.068543829
1028,0.058973458,1028,0.214699566,1028,0.268228769,1028,0.197548941,1028,0.070528127
1026,0.059125684,1026,0.213068962,1026,0.264947236,1026,0.196753472,1026,0.069602251
1024,0.059105806,1024,0.213288754,1024,0.263714522,1024,0.196567148,1024,0.068508796
1022,0.057218745,1022,0.208199784,1022,0.256736636,1022,0.192680061,1022,0.067777768
1020,0.057113994,1020,0.204808906,1020,0.252682179,1020,0.190018982,1020,0.066198148
1018,0.057069801,1018,0.203895554,1018,0.251731694,1018,0.190772802,1018,0.065577529
1016,0.058170177,1016,0.202459872,1016,0.249400213,1016,0.190915003,1016,0.066891976
1014,0.056920238,1014,0.196597978,1014,0.24110581,1014,0.18734014,1014,0.063976288
1012,0.055891719,1012,0.191402316,1012,0.233436823,1012,0.184413359,1012,0.063825503
1010,0.055157386,1010,0.183719873,1010,0.223342597,1010,0.179063499,1010,0.063300915
1008,0.053922024,1008,0.17425935,1008,0.212013364,1008,0.173313916,1008,0.061207332
1006,0.052380491,1006,0.164546087,1006,0.19984521,1006,0.166386843,1006,0.060057797
1004,0.049949925,1004,0.152025342,1004,0.184787989,1004,0.157434657,1004,0.05681942
1002,0.047312319,1002,0.141599596,1002,0.17155841,1002,0.149121284,1002,0.054537695
1000,0.045168117,1000,0.132261768,1000,0.159862936,1000,0.141926527,1000,0.052940555
998,0.044080708,998,0.125228584,998,0.150870368,998,0.136700839,998,0.051659428
996,0.043144472,996,0.12265671,996,0.146861658,996,0.135169134,996,0.051483694
994,0.041440949,994,0.114882626,994,0.137298524,994,0.127792984,994,0.048024703
992,0.041109517,992,0.111548871,992,0.1330356,992,0.125606209,992,0.048565168
990,0.044506498,990,0.099381328,990,0.119235516,990,0.115823537,990,0.052342847
988,0.036309779,988,0.088297009,988,0.105260782,988,0.09971714,988,0.042898782
986,0.035328161,986,0.088767797,986,0.105026677,986,0.101524539,986,0.042479735
984,0.035822581,984,0.08586596,984,0.102763988,984,0.098946393,984,0.041163154
982,0.034646906,982,0.084872499,982,0.100844264,982,0.098268367,982,0.041142091
980,0.035233393,980,0.085432857,980,0.102383316,980,0.099829607,980,0.042517692
978,0.035303067,978,0.084330909,978,0.100921981,978,0.098027587,978,0.042819597
976,0.034623753,976,0.08363428,976,0.100037053,976,0.097295396,976,0.042218428
974,0.034370627,974,0.081508428,974,0.097255215,974,0.095012069,974,0.040671129
972,0.034216572,972,0.080929056,972,0.096652828,972,0.095756255,972,0.04023768
970,0.033461809,970,0.080578052,970,0.096667804,970,0.094864555,970,0.039969128
968,0.033440817,968,0.078935012,968,0.094454676,968,0.093099818,968,0.040000711
966,0.032629818,966,0.077253677,966,0.092480287,966,0.090737209,966,0.039716121
964,0.033527795,964,0.078828976,964,0.094460659,964,0.092810005,964,0.039588302
962,0.033693887,962,0.079611383,962,0.09585999,962,0.094052471,962,0.040859122
960,0.03355635,960,0.076973513,960,0.092058577,960,0.090861596,960,0.038949788
958,0.031214645,958,0.07400126,958,0.08857324,958,0.087240949,958,0.037566066
956,0.032373395,956,0.074175626,956,0.088349327,956,0.086672567,956,0.037612054
954,0.031465303,954,0.072747231,954,0.087365597,954,0.086323515,954,0.036951147
952,0.032209169,952,0.075004295,952,0.089334771,952,0.088045143,952,0.037011176
950,0.033192825,950,0.078084216,950,0.092939042,950,0.091163039,950,0.038815118
948,0.033377253,948,0.077690281,948,0.093473315,948,0.090975858,948,0.038424887
946,0.032397173,946,0.077158123,946,0.093007751,946,0.090345688,946,0.038405024
944,0.032301947,944,0.076832466,944,0.091738723,944,0.089716956,944,0.038326725
942,0.032624669,942,0.078212462,942,0.093094781,942,0.091338456,942,0.038096763
940,0.03264188,940,0.078282379,940,0.092291452,940,0.091151677,940,0.038149878
938,0.031764239,938,0.075383708,938,0.089937031,938,0.089008331,938,0.036465425
936,0.031987149,936,0.075530864,936,0.090925619,936,0.088990502,936,0.036837481
934,0.031756811,934,0.075611979,934,0.090511046,934,0.088500924,934,0.036740258
932,0.031965613,932,0.077395134,932,0.091387808,932,0.089390941,932,0.036889967
930,0.032595422,930,0.079053976,930,0.09440688,930,0.091992825,930,0.037401322
928,0.032954998,928,0.079635233,928,0.095274195,928,0.09287113,928,0.038329482
926,0.032539107,926,0.079021744,926,0.095550656,926,0.09274587,926,0.037812144
924,0.033056285,924,0.077585131,924,0.092998371,924,0.090144783,924,0.037096791
922,0.032178342,922,0.077766001,922,0.093491703,922,0.091102526,922,0.037128281
920,0.032528743,920,0.079840772,920,0.09541747,920,0.093310803,920,0.038087744
918,0.0330057,918,0.079418905,918,0.096346244,918,0.092712894,918,0.036663566
916,0.03199295,916,0.078846261,916,0.094775312,916,0.090976603,916,0.036669414
914,0.031275805,914,0.077855557,914,0.094221324,914,0.090872392,914,0.036135308
912,0.032042932,912,0.080175526,912,0.096369959,912,0.092109606,912,0.036991756
910,0.032583572,910,0.080520146,910,0.096710324,910,0.093347438,910,0.036575481
908,0.032787077,908,0.081009477,908,0.097214803,908,0.093690038,908,0.036334537
906,0.033029553,906,0.080733888,906,0.098229781,906,0.093135916,906,0.036351766
904,0.032271564,904,0.078903116,904,0.096357092,904,0.091137625,904,0.035900485
902,0.031959042,902,0.079110041,902,0.095643245,902,0.090776213,902,0.035732716
900,0.031545017,900,0.077850357,900,0.094992943,900,0.089679927,900,0.035422739
898,0.030907976,898,0.076386184,898,0.093103878,898,0.088206857,898,0.034275655
896,0.030355759,896,0.076496586,896,0.091428496,896,0.086815901,896,0.034183268
894,0.030424878,894,0.076874346,894,0.092113219,894,0.086555004,894,0.034325667
892,0.029499156,892,0.073049992,892,0.088544741,892,0.083699688,892,0.032841817
890,0.029603008,890,0.072713464,890,0.088493116,890,0.083013885,890,0.032414947
888,0.029625358,888,0.075468525,888,0.090852201,888,0.085685231,888,0.033674937
886,0.029959887,886,0.07701382,886,0.0943157,886,0.087576367,886,0.03417144
884,0.031004265,884,0.078793816,884,0.095976569,884,0.089825489,884,0.034547292
882,0.030777674,882,0.077895977,882,0.094080865,882,0.088063009,882,0.033876784
880,0.030564325,880,0.077328525,880,0.093330123,880,0.086999774,880,0.033679511
878,0.029355794,878,0.07576257,878,0.090732984,878,0.084354088,878,0.032189704
876,0.029812055,876,0.074788518,876,0.090484604,876,0.084074944,876,0.032219276
874,0.030024985,874,0.075956017,874,0.092173368,874,0.086116165,874,0.033069134
872,0.030038012,872,0.074928038,872,0.090808362,872,0.083669782,872,0.031367816
870,0.029845295,870,0.076244347,870,0.091795482,870,0.08564052,870,0.032972686
868,0.029867042,868,0.075356402,868,0.089794517,868,0.083034642,868,0.03272808
866,0.029683711,866,0.074458912,866,0.089414284,866,0.082818314,866,0.031512018
864,0.02829014,864,0.073560953,864,0.088852517,864,0.08085794,864,0.030985689
862,0.028008815,862,0.073471025,862,0.088503614,862,0.08032196,862,0.03092972
860,0.028421421,860,0.073043816,860,0.088095278,860,0.080684684,860,0.031773422
858,0.028037347,858,0.074092515,858,0.087939344,858,0.079566099,858,0.030940561
856,0.027789665,856,0.073012613,856,0.088896006,856,0.080163732,856,0.030308492
854,0.028193129,854,0.071468383,854,0.087679707,854,0.078386739,854,0.029380443
852,0.027990535,852,0.071254499,852,0.086938664,852,0.07912226,852,0.029987795
850,0.026210487,850,0.071594529,850,0.086274408,850,0.076994494,850,0.029933847
848,0.027439162,848,0.0729791,848,0.087827608,848,0.078588799,848,0.030032609
846,0.027101759,846,0.068603575,846,0.083021656,846,0.074042544,846,0.028169218
844,0.025237005,844,0.066643633,844,0.080581158,844,0.072011009,844,0.02708571
842,0.025033299,842,0.06353648,842,0.076498128,842,0.068431117,842,0.026771292
840,0.02436444,840,0.061895452,840,0.073839113,840,0.067062162,840,0.025516918
838,0.022162374,838,0.058638591,838,0.070503354,838,0.063381061,838,0.024419058
836,0.021841049,836,0.056523718,836,0.068313554,836,0.061295491,836,0.02329669
834,0.021770837,834,0.055417668,834,0.065576881,834,0.059148215,834,0.022559347
832,0.021385495,832,0.053692706,832,0.06386742,832,0.057204731,832,0.022817381
830,0.02129041,830,0.052869894,830,0.063782744,830,0.05716756,830,0.022967085
828,0.020590466,828,0.053628385,828,0.062788621,828,0.056728471,828,0.022143912
826,0.02030452,826,0.053415924,826,0.063570164,826,0.055686008,826,0.021040086
824,0.01960223,824,0.055017062,824,0.066535242,824,0.057220422,824,0.022773247
822,0.021006444,822,0.055090982,822,0.066172205,822,0.057092912,822,0.02265705
820,0.020408381,820,0.056242328,820,0.066852108,820,0.057303153,820,0.022706846
818,0.020372976,818,0.054807998,818,0.067384951,818,0.057013698,818,0.021099051
816,0.019692704,816,0.054183953,816,0.065089017,816,0.053473424,816,0.021049749
814,0.018463038,814,0.05286796,814,0.062334042,814,0.052795809,814,0.019975977
812,0.018277789,812,0.050779779,812,0.060503297,812,0.052184366,812,0.019087926
810,0.017178105,810,0.05040849,810,0.059344191,810,0.049434956,810,0.018096648
808,0.016656276,808,0.048092283,808,0.058046669,808,0.048947595,808,0.01725206
806,0.017173726,806,0.046673696,806,0.056520771,806,0.04724095,806,0.016651614
804,0.01558961,804,0.044245902,804,0.052275591,804,0.043681055,804,0.014801033
802,0.015323061,802,0.043495618,802,0.049897932,802,0.042205065,802,0.015179912
800,0.014201527,800,0.038525138,800,0.045135286,800,0.038958497,800,0.013314324